<?xml version="1.0" encoding="UTF-8"?>
<project-private xmlns="http://www.netbeans.org/ns/project-private/1">
    <editor-bookmarks xmlns="http://www.netbeans.org/ns/editor-bookmarks/2" lastBookmarkId="0"/>
    <open-files xmlns="http://www.netbeans.org/ns/projectui-open-files/2">
        <group>
            <file>file:/C:/Users/Zim/Desktop/maid_service.user/src/maid_service/user/LoginUser.java</file>
            <file>file:/C:/Users/Zim/Desktop/maid_service.user/src/maid_service/maid/MyAccount2.java</file>
            <file>file:/C:/Users/Zim/Desktop/maid_service.user/src/maid_service/admin/Postform1.java</file>
            <file>file:/C:/Users/Zim/Desktop/maid_service.user/src/maid_service1/LoginFrame.java</file>
            <file>file:/C:/Users/Zim/Desktop/maid_service.user/src/maid_service/user/MyAccount1.java</file>
            <file>file:/C:/Users/Zim/Desktop/maid_service.user/src/maid_service1/DBConnect.java</file>
            <file>file:/C:/Users/Zim/Desktop/maid_service.user/src/maid_service/user/userframe.java</file>
            <file>file:/C:/Users/Zim/Desktop/maid_service.user/src/maid_service/admin/AdminFrame.java</file>
            <file>file:/C:/Users/Zim/Desktop/maid_service.user/src/maid_service/maid/MaidFrame.java</file>
        </group>
    </open-files>
</project-private>
